geopol_unit,mean,sd,min,max,rsa,quantile_0.25,quantile_0.50,quantile_0.75,quantile_0.90
√Öland,7.05E-04,3.00E-04,4.92E-04,0.00326775,0.219007092,5.15E-04,6.28E-04,6.75E-04,0.001172578
Afghanistan,0.025492935,0.09779768,3.16E-04,0.985556006,0.14470153,3.39E-04,4.85E-04,0.00605318,0.0194814
Akrotiri and Dhekelia,0.01243532,0.005232805,0.00726109,0.096753202,0.095522388,0.0115396,0.012264,0.0128572,0.013498
Albania,0.38295728,0.278506746,3.49E-04,0.987766027,0.869875664,0.051166449,0.42159,0.532787502,0.729653203
Algeria,0.040807954,0.149006257,3.16E-04,0.98803699,0.096889522,3.18E-04,3.18E-04,3.30E-04,0.0119785
American Samoa,3.25E-04,2.91E-06,3.21E-04,3.27E-04,0.102941176,3.21E-04,3.27E-04,3.27E-04,3.27E-04
Andorra,0.030402937,0.115244894,4.79E-04,0.70935899,0.1232493,6.28E-04,0.0014686,0.00412564,0.02272483
Angola,0.001875432,0.016936118,3.16E-04,0.710085988,0.007356497,3.30E-04,3.82E-04,5.50E-04,0.00274738
Anguilla,3.25E-04,7.02E-08,3.25E-04,3.25E-04,0.234693878,3.25E-04,3.25E-04,3.25E-04,3.25E-04
Antarctica,NaN,NA,Inf,NA,1,NA,NA,NA,NA
Antigua and Barbuda,3.44E-04,8.54E-06,3.28E-04,3.55E-04,0.026217228,3.34E-04,3.48E-04,3.51E-04,3.52E-04
Argentina,0.090897591,0.194013016,3.17E-04,0.988038003,0.310031007,7.01E-04,0.00518483,0.026457751,0.451719999
Armenia,0.075283526,0.168288639,3.38E-04,0.927253008,0.319750878,8.30E-04,0.00328844,0.028088749,0.355662793
Aruba,3.79E-04,7.56E-06,3.74E-04,4.01E-04,0.051162791,3.74E-04,3.74E-04,3.80E-04,3.95E-04
Australia,0.023885926,0.108842757,3.17E-04,0.988038003,0.105145214,3.20E-04,3.29E-04,5.66E-04,0.0175742
Austria,0.197440374,0.260993894,3.35E-04,0.987963974,0.471871905,0.00176524,0.00974472,0.424643993,0.538274419
Azerbaijan,0.3350791,0.262987099,3.32E-04,0.988026977,0.845882496,0.048701501,0.389905006,0.5039545,0.68592
Bahamas,3.39E-04,3.58E-05,3.22E-04,6.01E-04,0.066176899,3.26E-04,3.30E-04,3.33E-04,3.53E-04
Bahrain,3.56E-04,7.90E-06,3.26E-04,3.61E-04,0.078918919,3.55E-04,0.000359041,3.61E-04,3.61E-04
Bangladesh,4.16E-04,3.37E-05,3.18E-04,5.11E-04,5.28E-04,4.04E-04,4.23E-04,4.32E-04,4.57E-04
Barbados,5.30E-04,2.72E-05,4.80E-04,5.93E-04,0.007590133,5.01E-04,5.40E-04,5.51E-04,5.57E-04
Belarus,0.004887445,0.008923296,4.01E-04,0.566420972,0.012413326,0.001916845,0.00415278,0.00653032,0.00785298
Belgium,0.739255101,0.24218877,0.00657769,0.98803699,0.991086837,0.574848771,0.833149523,0.92815952,0.957464224
Belize,3.66E-04,4.13E-05,3.20E-04,5.55E-04,0.008426132,3.31E-04,3.60E-04,3.87E-04,4.32E-04
Benin,4.09E-04,5.00E-05,3.20E-04,5.88E-04,0,3.72E-04,4.03E-04,4.47E-04,4.78E-04
Bermuda,3.24E-04,3.03E-06,3.24E-04,3.42E-04,0.302083333,3.24E-04,3.24E-04,3.24E-04,3.24E-04
Bhutan,0.018904443,0.083919092,3.18E-04,0.710085988,0.093858564,3.44E-04,6.39E-04,0.00174437,0.0137014
Bolivia,0.013014472,0.067072373,3.17E-04,0.710085988,0.08319639,3.24E-04,3.43E-04,4.86E-04,0.009293648
"Bonaire, Sint Eustatius and Saba",3.30E-04,2.13E-06,3.24E-04,3.34E-04,0.056410256,3.29E-04,3.30E-04,3.32E-04,3.33E-04
Bosnia and Herzegovina,0.308602899,0.27386245,3.81E-04,0.987668991,0.767512384,0.018156276,0.374773994,0.495261014,0.686357427
Botswana,0.001322559,0.011421649,3.19E-04,0.435211986,0.004569535,3.24E-04,3.47E-04,4.03E-04,0.001074752
Bouvet Island,3.27E-04,6.50E-07,3.26E-04,3.28E-04,0.311688312,3.26E-04,3.27E-04,3.27E-04,3.27E-04
Brazil,0.014195136,0.075147282,3.20E-04,0.930513024,0.059571119,3.21E-04,3.55E-04,4.40E-04,0.00643038
British Indian Ocean Territory,3.21E-04,8.16E-10,3.21E-04,3.21E-04,0.6375,3.21E-04,3.21E-04,3.21E-04,3.21E-04
British Virgin Islands,3.39E-04,5.79E-06,3.28E-04,3.48E-04,0.275362319,3.34E-04,3.34E-04,3.43E-04,3.47E-04
Brunei,3.77E-04,5.21E-05,3.21E-04,4.89E-04,0.004275394,3.27E-04,3.69E-04,4.20E-04,4.58E-04
Bulgaria,0.341228863,0.269576403,3.92E-04,0.988035977,0.907962719,0.049746402,0.389727503,0.511207998,0.691667384
Burkina Faso,3.83E-04,3.25E-05,3.20E-04,5.19E-04,0,3.57E-04,3.84E-04,4.05E-04,4.22E-04
Burundi,0.127856689,0.201610759,3.72E-04,0.745604992,0.465262157,0.00662127,0.0130462,0.280712008,0.455611604
Côte d'Ivoire,4.23E-04,5.74E-05,3.21E-04,8.23E-04,4.21E-05,3.78E-04,4.19E-04,4.60E-04,5.05E-04
Cambodia,3.74E-04,5.37E-05,3.18E-04,0.00598126,8.28E-05,3.30E-04,3.61E-04,4.12E-04,4.50E-04
Cameroon,5.26E-04,0.003509667,3.18E-04,0.432181001,0.002564547,3.31E-04,3.69E-04,4.07E-04,4.34E-04
Canada,0.001357269,0.021975772,3.18E-04,0.980618,0.01205853,3.22E-04,3.31E-04,3.32E-04,4.24E-04
Cape Verde,0.002751382,0.010782991,3.16E-04,0.095665999,0.104914744,3.16E-04,3.19E-04,3.54E-04,0.001227015
Caspian Sea,0.112626225,0.250359619,4.12E-04,0.988030016,0.9928905,5.42E-04,0.001620915,0.009220422,0.50246473
Cayman Islands,3.23E-04,5.00E-07,3.22E-04,3.23E-04,0.168115942,3.22E-04,3.23E-04,3.23E-04,3.23E-04
Central African Republic,3.31E-04,2.01E-05,3.20E-04,5.69E-04,0,3.22E-04,3.23E-04,3.29E-04,3.44E-04
Chad,3.29E-04,2.26E-05,3.16E-04,4.42E-04,0,3.16E-04,3.18E-04,3.25E-04,3.57E-04
Chile,0.043975348,0.129395024,3.17E-04,0.864099979,0.199412228,3.56E-04,5.76E-04,0.00567109,0.089058504
China,0.069075875,0.172536373,3.17E-04,0.987878025,0.223046874,3.31E-04,4.40E-04,0.00873125,0.380062014
Christmas Island,3.21E-04,4.10E-07,3.20E-04,3.21E-04,0.035928144,3.20E-04,3.21E-04,3.21E-04,3.21E-04
Clipperton Island,3.20E-04,0,3.20E-04,3.20E-04,0.181818182,3.20E-04,3.20E-04,3.20E-04,3.20E-04
Cocos Islands,3.21E-04,5.71E-10,3.21E-04,3.21E-04,0.85,3.21E-04,3.21E-04,3.21E-04,3.21E-04
Colombia,0.015114347,0.086219166,3.20E-04,0.987728,0.052921265,3.21E-04,3.24E-04,4.18E-04,0.001362692
Comoros,0.002930533,0.016244197,3.24E-04,0.330404013,0.105394605,3.85E-04,4.43E-04,4.93E-04,0.00345526
Cook Islands,3.21E-04,1.05E-07,3.21E-04,3.22E-04,0.415625,3.21E-04,3.21E-04,3.21E-04,3.21E-04
Costa Rica,0.004766057,0.029647919,3.20E-04,0.667892992,0.047394223,3.69E-04,4.02E-04,4.43E-04,0.00259943
Croatia,0.519630843,0.244299462,5.02E-04,0.988038003,0.950763953,0.406684995,0.495180994,0.695249021,0.875038028
Cuba,5.01E-04,5.46E-04,3.22E-04,0.046856001,0.01465291,4.26E-04,4.60E-04,4.92E-04,5.31E-04
Curaçao,3.36E-04,5.25E-06,3.29E-04,3.48E-04,0.02268431,3.31E-04,3.36E-04,3.40E-04,3.42E-04
Cyprus,0.245745879,0.239824235,0.00665822,0.709897995,0.798251016,0.0152951,0.103455998,0.435506999,0.670129609
Czech Republic,0.234588155,0.237866169,5.98E-04,0.975202978,0.705028351,0.0105275,0.0930859,0.432280004,0.545927799
Democratic Republic of the Congo,0.003093273,0.034020476,3.21E-04,0.985042989,0.011650348,3.23E-04,3.33E-04,3.84E-04,4.83E-04
Denmark,0.284105738,0.215438657,0.00322144,0.963375986,0.986213379,0.0693378,0.301625013,0.457845002,0.565806997
Djibouti,3.39E-04,5.06E-05,3.17E-04,0.00263159,8.42E-04,3.23E-04,3.32E-04,0.000346898,3.68E-04
Dominica,3.70E-04,1.02E-04,3.27E-04,0.00210199,0.038251366,3.63E-04,3.65E-04,3.65E-04,3.68E-04
Dominican Republic,0.008694124,0.055764607,3.27E-04,0.709652007,0.05409502,4.46E-04,5.07E-04,5.69E-04,0.005894788
Ecuador,0.059243927,0.189274577,3.16E-04,0.98803699,0.137113749,3.27E-04,4.08E-04,0.00106014,0.0651623
Egypt,4.14E-04,3.30E-04,3.17E-04,0.00769951,0.001525775,3.18E-04,3.23E-04,3.60E-04,5.41E-04
El Salvador,0.001024184,0.006750147,3.51E-04,0.434522003,0.010087041,4.05E-04,4.18E-04,4.32E-04,4.61E-04
Equatorial Guinea,4.91E-04,0.002460231,3.20E-04,0.101989999,0.002790373,3.32E-04,3.62E-04,3.86E-04,4.28E-04
Eritrea,0.001411068,0.008584721,3.16E-04,0.437886,0.019897704,3.21E-04,3.29E-04,3.56E-04,4.80E-04
Estonia,0.002199585,0.00116739,4.63E-04,0.00823582,0.00340418,0.00151234,0.00193492,0.00272149,0.00366898
Ethiopia,0.030746072,0.112905086,3.17E-04,0.987798989,0.130521052,3.29E-04,3.74E-04,0.00274906,0.02318786
Falkland Islands,3.95E-04,1.82E-05,3.32E-04,5.41E-04,0.037383178,3.80E-04,4.10E-04,4.10E-04,4.10E-04
Faroe Islands,3.54E-04,1.26E-05,3.26E-04,4.81E-04,0.100727476,3.40E-04,3.54E-04,3.56E-04,3.72E-04
Fiji,3.49E-04,3.66E-05,3.21E-04,5.03E-04,0.035098284,3.23E-04,3.27E-04,3.65E-04,4.07E-04
Finland,7.97E-04,7.14E-04,3.31E-04,0.00692412,0.003277173,4.72E-04,5.67E-04,7.62E-04,0.00181998
France,0.580408135,0.245952435,3.29E-04,0.98803699,0.952702339,0.424726993,0.524007022,0.797737002,0.927616584
French Guiana,3.27E-04,1.97E-05,3.21E-04,4.80E-04,0.00238512,3.21E-04,3.21E-04,3.23E-04,3.37E-04
French Polynesia,3.28E-04,2.58E-05,3.21E-04,6.32E-04,0.302386731,3.21E-04,3.22E-04,3.24E-04,3.35E-04
French Southern Territories,3.44E-04,4.94E-05,3.20E-04,9.70E-04,0.037652988,3.32E-04,3.32E-04,3.55E-04,3.56E-04
Gabon,3.30E-04,1.73E-05,3.20E-04,4.75E-04,7.94E-04,3.21E-04,3.23E-04,3.28E-04,3.53E-04
Gambia,3.84E-04,2.66E-05,3.31E-04,4.42E-04,6.24E-04,3.58E-04,3.84E-04,4.06E-04,4.21E-04
Georgia,0.168398935,0.237368741,0.000326988,0.98803401,0.518444511,5.19E-04,0.019368201,0.370650999,0.517402393
Germany,0.463005783,0.253765426,4.36E-04,0.988035023,0.935044603,0.366694503,0.455300987,0.642533004,0.828073025
Ghana,4.30E-04,5.88E-05,3.20E-04,9.08E-04,4.62E-05,3.80E-04,4.29E-04,4.74E-04,5.10E-04
Gibraltar,0.498565336,0.061098309,0.391611993,0.535364985,1,0.510137975,0.530403018,0.531095028,0.535364985
Greece,0.437094304,0.2475455,4.82E-04,0.988031983,0.935736748,0.36144799,0.457201988,0.545518517,0.724789011
Greenland,3.28E-04,4.93E-06,3.18E-04,3.49E-04,0.017004537,3.24E-04,3.32E-04,3.32E-04,3.32E-04
Grenada,3.23E-04,9.86E-07,3.21E-04,3.27E-04,0.020833333,3.23E-04,3.23E-04,3.24E-04,3.24E-04
Guadeloupe,6.56E-04,0.001020036,3.78E-04,0.0167343,0.025948104,5.00E-04,5.38E-04,5.57E-04,5.65E-04
Guam,3.21E-04,1.33E-09,3.21E-04,3.21E-04,0.013412817,3.21E-04,3.21E-04,3.21E-04,3.21E-04
Guatemala,0.027378448,0.101936539,3.20E-04,0.710034013,0.127202348,3.55E-04,4.03E-04,7.10E-04,0.028149819
Guernsey,0.144309154,0.191211473,0.053239498,0.701992989,1,0.056018701,0.0593112,0.060969049,0.464326209
Guinea,3.74E-04,5.46E-05,3.20E-04,0.00618621,4.29E-04,3.50E-04,3.68E-04,3.94E-04,4.14E-04
Guinea-Bissau,3.53E-04,2.27E-05,3.21E-04,4.24E-04,0.016774798,3.38E-04,3.51E-04,3.68E-04,3.87E-04
Guyana,3.25E-04,1.55E-05,3.20E-04,0.00117263,4.06E-04,3.20E-04,3.21E-04,3.22E-04,3.27E-04
Haiti,0.002068507,0.011494725,3.33E-04,0.436194986,0.028069231,4.43E-04,4.81E-04,5.41E-04,9.94E-04
Heard Island and McDonald Islands,3.32E-04,4.24E-08,3.32E-04,3.32E-04,0.034188034,3.32E-04,3.32E-04,3.32E-04,3.32E-04
Honduras,0.003212972,0.022907029,3.20E-04,0.702570021,0.026597038,3.32E-04,4.00E-04,4.87E-04,0.00254866
Hong Kong,6.89E-04,7.66E-04,3.99E-04,0.00762361,0.085553997,4.31E-04,4.34E-04,7.93E-04,8.39E-04
Hungary,0.526916353,0.154765799,0.00607323,0.988038003,0.998490376,0.420821995,0.482868999,0.556861997,0.775443006
Iceland,4.83E-04,4.03E-04,3.26E-04,0.00459057,0.00612806,3.38E-04,3.50E-04,4.67E-04,6.39E-04
India,0.00460629,0.049410967,3.16E-04,0.98803699,0.016746489,3.95E-04,4.17E-04,4.35E-04,5.04E-04
Indonesia,0.001308303,0.015408402,3.20E-04,0.705434978,0.013011336,3.23E-04,3.65E-04,4.32E-04,4.75E-04
Iran,0.044865394,0.136718789,3.17E-04,0.988016009,0.216071483,3.49E-04,8.40E-04,0.0108739,0.060988002
Iraq,0.013303548,0.071069616,3.17E-04,0.710085988,0.052783485,3.23E-04,3.49E-04,4.09E-04,0.0072
Ireland,0.469206645,0.17215761,0.00553179,0.981769979,0.996673618,0.398549505,0.471368998,0.530928016,0.691350013
Isle of Man,0.018233292,0.005363912,0.00317907,0.023240499,0.75,0.0133265,0.020424001,0.0226282,0.023010399
Israel,0.010640778,0.029595871,3.32E-04,0.437886,0.125185699,9.14E-04,0.0035848,0.00797231,0.024177669
Italy,0.572056603,0.302761199,3.21E-04,0.98803699,0.887121017,0.411312513,0.531879008,0.849955976,0.951376975
Jamaica,0.001237705,0.011506385,3.27E-04,0.435835987,0.00849963,4.39E-04,4.73E-04,5.47E-04,7.85E-04
Japan,0.318416153,0.269555937,3.21E-04,0.98732698,0.731899978,0.01033015,0.356718987,0.494400509,0.691069007
Jersey,0.94471383,0.055213207,0.815043986,0.987927973,1,0.94569248,0.966507018,0.981774762,0.986815989
Jordan,0.005874283,0.026567291,3.22E-04,0.437886,0.057623938,3.74E-04,4.86E-04,0.00200139,0.00951891
Kazakhstan,0.007573006,0.056279427,3.22E-04,0.987276971,0.031343005,3.45E-04,4.05E-04,5.21E-04,0.00157279
Kenya,0.03863567,0.13652415,3.18E-04,0.988035023,0.112349609,3.30E-04,3.59E-04,5.03E-04,0.01957724
Kiribati,3.23E-04,1.47E-06,3.21E-04,3.25E-04,0.772575251,3.21E-04,3.23E-04,3.24E-04,3.25E-04
Kosovo,0.583180405,0.340204902,3.75E-04,0.988035977,0.839614983,0.3976705,0.688185513,0.889196008,0.953091472
Kuwait,3.42E-04,1.08E-05,3.19E-04,3.61E-04,0.004256234,3.32E-04,3.44E-04,3.50E-04,3.56E-04
Kyrgyzstan,0.057716902,0.171015405,3.18E-04,0.987996995,0.156934342,3.38E-04,3.88E-04,0.001688105,0.303923011
Laos,5.00E-04,0.001207099,3.18E-04,0.096593402,7.72E-04,3.27E-04,3.44E-04,3.83E-04,4.96E-04
Latvia,0.003936076,0.002959048,6.49E-04,0.270339012,0.003980665,0.00171355,0.00304632,0.00599494,0.00726634
Lebanon,0.23319939,0.232544402,4.39E-04,0.710085988,0.877122182,0.0280593,0.088649698,0.452333003,0.565380621
Lesotho,0.169533807,0.220406955,3.47E-04,0.710003972,0.714937759,0.012666325,0.0254568,0.376927003,0.503574711
Liberia,3.57E-04,3.21E-05,3.20E-04,0.00143293,0.001160237,3.27E-04,3.55E-04,3.80E-04,4.04E-04
Libya,0.001215059,0.017881913,3.16E-04,0.709585011,0.005338789,3.18E-04,3.21E-04,3.48E-04,4.13E-04
Liechtenstein,0.177554272,0.194981193,5.13E-04,0.538932979,0.485507246,9.97E-04,0.00817321,0.388472512,0.399086997
Lithuania,0.007086409,0.00758114,8.05E-04,0.316992998,0.011257319,0.00585421,0.00651469,0.007524265,0.00958194
Luxembourg,0.687929504,0.205788432,0.0855041,0.980010986,1,0.48064401,0.732266515,0.868147746,0.922567719
Macao,4.33E-04,2.08E-06,4.28E-04,4.34E-04,0.4,4.31E-04,4.34E-04,4.34E-04,4.34E-04
Macedonia,0.406320046,0.288841139,3.65E-04,0.988029003,0.839393939,0.053427677,0.448474497,0.560509488,0.815043986
Madagascar,0.004961951,0.03781459,3.18E-04,0.709246993,0.032246895,3.21E-04,3.29E-04,3.81E-04,7.83E-04
Malawi,0.005236254,0.032693473,3.21E-04,0.709246993,0.041444199,3.83E-04,4.81E-04,0.00228462,0.00714765
Malaysia,4.61E-04,0.00371135,3.21E-04,0.436177999,0.003360074,3.27E-04,3.69E-04,4.24E-04,4.59E-04
Maldives,3.21E-04,5.35E-08,3.21E-04,3.21E-04,0.93877551,3.21E-04,3.21E-04,3.21E-04,3.21E-04
Mali,3.30E-04,2.40E-05,3.16E-04,4.47E-04,0,3.16E-04,3.17E-04,3.31E-04,3.59E-04
Malta,0.219855121,0.197891054,0.0143301,0.707062006,1,0.025802899,0.271553993,0.367920995,0.431387991
Marshall Islands,3.21E-04,1.60E-07,3.21E-04,3.22E-04,0.803867403,3.21E-04,3.21E-04,3.21E-04,3.21E-04
Martinique,4.70E-04,2.13E-04,3.70E-04,0.00587624,0.023065476,4.54E-04,4.61E-04,4.67E-04,4.72E-04
Mauritania,3.18E-04,5.31E-06,3.16E-04,0.00119485,3.12E-04,3.16E-04,3.17E-04,3.17E-04,3.19E-04
Mauritius,0.00199114,0.003072641,3.23E-04,0.016189501,0.043253968,4.79E-04,5.20E-04,0.001086047,0.007070772
Mayotte,4.78E-04,1.37E-05,4.29E-04,5.11E-04,0.062098501,4.69E-04,4.77E-04,4.84E-04,4.96E-04
Mexico,0.034625081,0.114227614,3.16E-04,0.909690976,0.181285921,3.82E-04,5.71E-04,0.00742668,0.049083699
Micronesia,3.21E-04,1.34E-08,3.21E-04,3.21E-04,0.18865867,3.21E-04,3.21E-04,3.21E-04,3.21E-04
Moldova,0.446321968,0.186999954,0.011898,0.986428022,0.999930993,0.376955986,0.454304993,0.529191971,0.687190199
Monaco,NaN,NA,Inf,NA,1,NA,NA,NA,NA
Mongolia,3.25E-04,1.49E-05,3.17E-04,5.61E-04,0,3.19E-04,3.21E-04,3.24E-04,3.32E-04
Montenegro,0.198181061,0.242794105,3.75E-04,0.959161997,0.543298139,0.002762565,0.022136001,0.432806,0.529871213
Montserrat,3.50E-04,7.25E-06,3.40E-04,3.84E-04,0.063492063,3.46E-04,3.49E-04,3.50E-04,3.52E-04
Morocco,0.138319261,0.213944699,3.17E-04,0.987203002,0.476868547,9.65E-04,0.0119766,0.302818,0.481712997
Mozambique,5.50E-04,0.00491883,3.19E-04,0.709203005,0.001322421,3.32E-04,3.74E-04,4.24E-04,4.82E-04
Myanmar,8.94E-04,0.004885418,3.18E-04,0.556003988,0.008152575,3.40E-04,3.77E-04,4.72E-04,7.74E-04
Namibia,0.001068196,0.003362221,3.16E-04,0.098007597,0.008503889,3.31E-04,3.74E-04,5.40E-04,0.0014999
Nauru,3.21E-04,7.05E-10,3.21E-04,3.21E-04,0.44,3.21E-04,3.21E-04,3.21E-04,3.21E-04
Nepal,0.003815453,0.016864818,3.19E-04,0.681845009,0.051903291,3.59E-04,4.26E-04,0.00169311,0.00987718
Netherlands,0.800287257,0.15988002,0.046792898,0.98803401,1,0.723625004,0.844313979,0.924081028,0.965979624
New Caledonia,6.04E-04,0.001077835,3.20E-04,0.0499117,0.030520114,3.53E-04,3.91E-04,5.01E-04,8.39E-04
New Zealand,0.161358212,0.243302932,3.25E-04,0.988035023,0.555181789,0.001835613,0.02058185,0.355214506,0.52285918
Nicaragua,5.75E-04,0.0033802,3.20E-04,0.703167975,0.003030441,3.25E-04,3.54E-04,4.03E-04,4.55E-04
Niger,3.26E-04,2.16E-05,3.16E-04,4.42E-04,0,3.16E-04,3.17E-04,3.20E-04,3.53E-04
Nigeria,4.26E-04,1.96E-04,3.18E-04,0.00885289,2.11E-04,3.88E-04,4.15E-04,4.42E-04,4.76E-04
Niue,3.21E-04,2.31E-08,3.21E-04,3.21E-04,0.024024024,3.21E-04,3.21E-04,3.21E-04,3.21E-04
Norfolk Island,NaN,NA,Inf,NA,1,NA,NA,NA,NA
North Korea,0.123618835,0.216649579,3.31E-04,0.710040987,0.393433849,5.58E-04,0.00490376,0.085104398,0.479707003
Northern Cyprus,0.048226851,0.117983195,0.00288148,0.709897995,0.247407407,0.0108058,0.0120761,0.0141911,0.069154002
Northern Mariana Islands,3.21E-04,2.89E-07,3.21E-04,3.23E-04,0.127062706,3.21E-04,3.21E-04,3.21E-04,3.22E-04
Norway,0.001421053,0.009072224,3.26E-04,0.704659998,0.020420943,3.48E-04,4.64E-04,6.59E-04,0.00227575
Oman,6.95E-04,0.012102482,3.17E-04,0.705550015,0.002643776,3.19E-04,3.23E-04,3.37E-04,3.55E-04
Pakistan,0.018080112,0.098746791,3.16E-04,0.98802799,0.055667612,3.30E-04,3.51E-04,4.41E-04,0.004331706
Palau,3.21E-04,2.21E-09,3.21E-04,3.21E-04,0.122123894,3.21E-04,3.21E-04,3.21E-04,3.21E-04
Palestina,0.047979324,0.083240291,3.32E-04,0.437886,0.537568866,0.00239526,0.0214044,0.064626001,0.096827902
Panama,7.89E-04,0.007603709,3.20E-04,0.435737997,0.011813329,3.27E-04,3.66E-04,4.06E-04,4.30E-04
Papua New Guinea,0.002288491,0.021344394,3.20E-04,0.704433024,0.017871302,3.21E-04,3.21E-04,3.65E-04,6.35E-04
Paracel Islands,3.21E-04,0,3.21E-04,3.21E-04,0.92,3.21E-04,3.21E-04,3.21E-04,3.21E-04
Paraguay,4.85E-04,4.17E-04,3.22E-04,0.010766,0,3.25E-04,3.46E-04,4.75E-04,8.27E-04
Peru,0.020564025,0.09254805,3.16E-04,0.987755001,0.085274457,3.21E-04,3.37E-04,8.86E-04,0.00852507
Philippines,6.83E-04,0.004705341,3.18E-04,0.435543001,0.010472077,3.70E-04,4.19E-04,4.48E-04,4.71E-04
Pitcairn Islands,3.24E-04,2.67E-06,3.24E-04,3.42E-04,0.397260274,3.24E-04,3.24E-04,3.24E-04,3.24E-04
Poland,0.277847638,0.229678556,4.96E-04,0.960804999,0.87043829,0.047561949,0.316406012,0.462856993,0.557401001
Portugal,0.412349003,0.21960487,5.86E-04,0.988016009,0.974491855,0.328593001,0.428528011,0.52620399,0.688649201
Puerto Rico,8.16E-04,0.002326476,3.48E-04,0.0656389,0.009526402,4.54E-04,4.80E-04,5.34E-04,8.90E-04
Qatar,3.37E-04,5.84E-06,3.20E-04,3.57E-04,0.007727152,3.33E-04,3.37E-04,3.41E-04,3.43E-04
Republic of Congo,3.36E-04,3.13E-05,3.20E-04,7.33E-04,1.75E-05,3.22E-04,3.23E-04,0.000328289,3.73E-04
Reunion,0.200091132,0.243036412,4.58E-04,0.709383011,0.579014308,0.00163854,0.0218284,0.412791014,0.559317207
Romania,0.365721155,0.259228458,3.48E-04,0.98803699,0.797742748,0.050185525,0.423209995,0.51687552,0.690600991
Russia,0.004970824,0.048445484,3.17E-04,0.98803699,0.015608775,3.25E-04,3.31E-04,3.48E-04,6.29E-04
Rwanda,0.149397423,0.223380536,3.90E-04,0.982670009,0.584508233,0.00851805,0.0164974,0.328657001,0.502575195
São Tomé and Príncipe,0.001037654,0.004030577,3.21E-04,0.055255901,0.031435854,3.61E-04,4.36E-04,4.77E-04,8.41E-04
Saint Helena,5.54E-04,1.37E-04,3.23E-04,7.41E-04,0.302158273,3.73E-04,6.21E-04,6.38E-04,7.03E-04
Saint Kitts and Nevis,3.29E-04,3.14E-06,3.24E-04,3.47E-04,0.01529052,3.27E-04,3.27E-04,3.32E-04,3.33E-04
Saint Lucia,3.62E-04,8.52E-06,3.27E-04,3.75E-04,0.009358289,3.63E-04,3.63E-04,3.64E-04,3.68E-04
Saint Pierre and Miquelon,3.91E-04,9.31E-07,3.91E-04,3.97E-04,0.232984293,3.91E-04,3.91E-04,3.91E-04,3.91E-04
Saint Vincent and the Grenadines,3.26E-04,3.03E-06,3.22E-04,3.54E-04,0.016771488,3.26E-04,3.27E-04,3.27E-04,3.27E-04
Saint Barthélemy,3.25E-04,1.10E-07,3.25E-04,3.25E-04,0.275862069,3.25E-04,3.25E-04,3.25E-04,3.25E-04
Saint-Martin,3.25E-04,1.55E-07,3.24E-04,3.25E-04,0.072463768,3.24E-04,3.25E-04,3.25E-04,3.25E-04
Samoa,4.00E-04,6.06E-05,3.23E-04,0.0012218,0.035818288,3.63E-04,3.73E-04,4.42E-04,4.64E-04
San Marino,0.95834428,0.024128756,0.836461008,0.986795008,1,0.94769749,0.958808482,0.979372516,0.986633378
Saudi Arabia,3.82E-04,0.001628378,3.16E-04,0.667554021,0.001215235,3.17E-04,3.21E-04,3.33E-04,3.53E-04
Senegal,3.61E-04,3.21E-05,3.18E-04,4.42E-04,0.001700158,3.33E-04,3.55E-04,3.88E-04,4.09E-04
Serbia,0.494571818,0.25781423,4.93E-04,0.98803699,0.912568866,0.39802599,0.472799987,0.681047022,0.866101182
Seychelles,3.22E-04,6.28E-07,3.21E-04,3.24E-04,0.112068966,3.21E-04,3.21E-04,3.22E-04,3.22E-04
Sierra Leone,3.73E-04,2.58E-05,3.20E-04,0.00139279,0.002724034,3.54E-04,3.77E-04,3.93E-04,4.07E-04
Singapore,4.86E-04,7.18E-06,4.31E-04,4.89E-04,0.139877301,4.89E-04,4.89E-04,4.89E-04,4.89E-04
Sint Maarten,3.25E-04,6.09E-08,3.24E-04,3.25E-04,0.170212766,3.24E-04,3.24E-04,3.25E-04,3.25E-04
Slovakia,0.265488117,0.251408477,4.53E-04,0.98803401,0.653426259,0.00701634,0.316255003,0.476898998,0.53822819
Slovenia,0.329453448,0.240562173,3.37E-04,0.986716986,0.815354307,0.046752475,0.397432506,0.494095743,0.657059282
Solomon Islands,3.28E-04,2.38E-05,3.21E-04,6.54E-04,0.113899728,3.21E-04,3.21E-04,3.23E-04,3.35E-04
Somalia,4.09E-04,0.001174288,3.16E-04,0.273956001,6.62E-04,3.19E-04,3.29E-04,3.52E-04,3.88E-04
South Africa,0.149323007,0.221450788,3.17E-04,0.98803699,0.495245401,0.00150736,0.0136238,0.326968014,0.497068202
South Georgia and the South Sandwich Islands,3.57E-04,1.17E-04,3.27E-04,9.24E-04,0.067763559,3.28E-04,3.29E-04,3.29E-04,3.30E-04
South Korea,0.437265895,0.197038782,5.79E-04,0.798605025,0.974146796,0.343888015,0.457137004,0.565132976,0.686627984
South Sudan,3.74E-04,0.001193154,3.20E-04,0.345708996,1.28E-04,3.25E-04,3.36E-04,3.81E-04,4.36E-04
Spain,0.512293876,0.221167216,3.35E-04,0.988038003,0.967332034,0.404085994,0.480010003,0.670291513,0.840322018
Spratly Islands,NaN,NA,Inf,NA,1,NA,NA,NA,NA
Sri Lanka,0.002756343,0.026532792,3.24E-04,0.678852022,0.01242308,4.11E-04,4.34E-04,4.59E-04,4.78E-04
Sudan,3.27E-04,2.08E-05,3.16E-04,0.00134257,1.59E-04,3.16E-04,3.18E-04,3.24E-04,3.53E-04
Suriname,3.28E-04,2.16E-05,3.20E-04,4.84E-04,0.001554531,3.21E-04,3.21E-04,3.21E-04,3.40E-04
Svalbard and Jan Mayen,3.31E-04,2.59E-06,3.23E-04,3.32E-04,0.017994659,3.32E-04,3.32E-04,3.32E-04,3.32E-04
Swaziland,0.067897873,0.150737764,3.79E-04,0.709212005,0.261702034,8.86E-04,0.00131496,0.01768705,0.3197712
Sweden,0.00482781,0.033126286,3.31E-04,0.710106015,0.023626402,3.83E-04,4.88E-04,0.00190715,0.00651503
Switzerland,0.228093343,0.29311537,3.24E-04,0.988017023,0.456543485,6.78E-04,0.00720808,0.455523752,0.698665214
Syria,0.060841868,0.15059944,3.30E-04,0.710085988,0.290623519,9.18E-04,0.00543369,0.0182113,0.294997007
Taiwan,0.015821051,0.046587392,3.20E-04,0.557712972,0.195660597,4.58E-04,0.00124078,0.009773045,0.046302401
Tajikistan,0.064816669,0.159870082,3.19E-04,0.75246501,0.250555739,3.31E-04,3.36E-04,0.01429375,0.341170996
Tanzania,0.004703601,0.035674175,3.19E-04,0.710085988,0.03172341,3.34E-04,3.83E-04,5.45E-04,0.00321825
Thailand,4.24E-04,3.66E-04,3.20E-04,0.0838359,0.002056283,3.77E-04,4.20E-04,4.54E-04,4.81E-04
Timor-Leste,9.21E-04,0.002535798,3.21E-04,0.029177301,0.013540309,3.55E-04,3.73E-04,4.21E-04,6.99E-04
Togo,4.46E-04,4.87E-05,3.29E-04,0.00104442,0,4.14E-04,4.48E-04,4.78E-04,5.06E-04
Tokelau,3.21E-04,4.96E-09,3.21E-04,3.21E-04,0.882352941,3.21E-04,3.21E-04,3.21E-04,3.21E-04
Tonga,3.21E-04,1.76E-06,3.21E-04,3.66E-04,0.208201893,3.21E-04,3.21E-04,3.21E-04,3.22E-04
Trinidad and Tobago,4.42E-04,5.11E-05,3.27E-04,6.03E-04,0.004560261,4.17E-04,4.48E-04,4.68E-04,4.88E-04
Tunisia,0.099834429,0.198293235,3.17E-04,0.988016009,0.275650112,3.38E-04,0.00123052,0.020963425,0.462402493
Turkey,0.319034311,0.26627674,3.28E-04,0.98803699,0.777498731,0.01969865,0.37174499,0.497022986,0.682392001
Turkmenistan,0.003385131,0.020627896,3.32E-04,0.919445992,0.0540721,4.24E-04,5.70E-04,0.002585437,0.00746242
Turks and Caicos Islands,3.25E-04,5.22E-07,3.25E-04,3.27E-04,0.456820016,3.25E-04,3.25E-04,3.25E-04,3.25E-04
Tuvalu,3.21E-04,2.01E-09,3.21E-04,3.21E-04,0.76744186,3.21E-04,3.21E-04,3.21E-04,3.21E-04
Uganda,0.008569263,0.060019259,3.22E-04,0.984161019,0.031030787,4.05E-04,5.00E-04,7.15E-04,0.006202724
Ukraine,0.186095286,0.234001061,3.46E-04,0.988038003,0.683119444,0.0104864,0.051364701,0.379544988,0.525091004
United Arab Emirates,3.35E-04,2.09E-04,3.16E-04,0.053137101,0.009119075,3.20E-04,3.30E-04,3.42E-04,3.52E-04
United Kingdom,0.469726549,0.344847283,3.98E-04,0.988038003,0.802278228,0.051991601,0.477488995,0.796015978,0.923224986
United States,0.136895758,0.236378791,3.18E-04,0.988038003,0.397622435,3.49E-04,0.00395145,0.27216851,0.508826017
United States Minor Outlying Islands,3.24E-04,2.07E-06,3.21E-04,3.28E-04,0.519230769,3.24E-04,3.24E-04,3.25E-04,3.27E-04
Uruguay,0.15180216,0.221320188,0.00116211,0.987881005,0.765268385,0.0153592,0.0272984,0.315106988,0.498068005
Uzbekistan,0.043420196,0.129840723,3.31E-04,0.988035023,0.174820866,4.24E-04,6.60E-04,0.00833205,0.066538602
Vanuatu,3.21E-04,2.23E-06,3.21E-04,4.01E-04,0.06628396,3.21E-04,3.21E-04,3.21E-04,3.21E-04
Vatican City,0.815043986,NA,0.815043986,0.815043986,1,0.815043986,0.815043986,0.815043986,0.815043986
Venezuela,0.003456402,0.038937702,3.20E-04,0.987780988,0.012506177,3.21E-04,3.29E-04,3.96E-04,4.80E-04
Vietnam,0.001827189,0.014517733,3.18E-04,0.688965023,0.019187807,4.04E-04,4.33E-04,4.93E-04,0.0013431
U.S. Virgin Islands,3.41E-04,1.01E-05,3.33E-04,3.90E-04,0.119909502,3.34E-04,3.34E-04,3.51E-04,3.55E-04
Wallis and Futuna,3.21E-04,1.77E-09,3.21E-04,3.21E-04,0.462365591,3.21E-04,3.21E-04,3.21E-04,3.21E-04
Western Sahara,3.26E-04,2.64E-05,3.16E-04,0.00107995,5.82E-05,3.17E-04,3.19E-04,3.25E-04,3.41E-04
Yemen,0.006842869,0.054050721,3.16E-04,0.710088015,0.026880165,3.17E-04,3.19E-04,3.33E-04,3.88E-04
Zambia,0.001584819,0.003841281,3.20E-04,0.435707986,0.006499296,3.58E-04,4.66E-04,0.00128829,0.00444119
Zimbabwe,0.018500932,0.072083431,3.20E-04,0.710085988,0.152788765,3.81E-04,0.00118133,0.00784975,0.022481101