name,latitude,longitude,prov,date,key
"Lycorma delicatula (White, 1845)",39.976106,-75.179578,gbif,2020-05-10,2626500636
"Lycorma delicatula (White, 1845)",39.852825,-75.190267,gbif,2020-06-07,2641411163
"Lycorma delicatula (White, 1845)",39.665845,-75.5691,gbif,2020-06-11,2641578695
"Lycorma delicatula (White, 1845)",37.493449,128.457042,gbif,2020-06-07,2802590951
"Lycorma delicatula (White, 1845)",40.37264,-75.009907,gbif,2020-06-17,2802752901
"Lycorma delicatula (White, 1845)",40.502097,-74.81655,gbif,2020-06-18,2802762483
"Lycorma delicatula (White, 1845)",40.013205,-75.370391,gbif,2020-06-21,2802811446
"Lycorma delicatula (White, 1845)",40.059944,116.28388699999999,gbif,2020-06-21,2802835195
"Lycorma delicatula (White, 1845)",39.881306,-76.064824,gbif,2020-06-25,2803110427
"Lycorma delicatula (White, 1845)",40.222729,-74.35214,gbif,2020-06-19,2803114624
"Lycorma delicatula (White, 1845)",31.191502,121.497813,gbif,2020-06-30,2813935117
"Lycorma delicatula (White, 1845)",39.240517,118.203895,gbif,2020-06-28,2814023327
"Lycorma delicatula (White, 1845)",39.89208,116.455889,gbif,2020-06-16,2814191428
"Lycorma delicatula (White, 1845)",40.642346,117.46374900000001,gbif,2020-06-27,2814283253
"Lycorma delicatula (White, 1845)",39.73525,-75.514753,gbif,2020-06-27,2814298340
"Lycorma delicatula (White, 1845)",40.585037,-76.353123,gbif,2020-07-04,2813970141
"Lycorma delicatula (White, 1845)",40.035831,-75.113113,gbif,2020-07-03,2813976545
"Lycorma delicatula (White, 1845)",31.31658,120.726662,gbif,2020-07-02,2814357431
"Lycorma delicatula (White, 1845)",40.669289,-76.193012,gbif,2020-07-11,2818504822
"Lycorma delicatula (White, 1845)",39.9211,-75.390222,gbif,2020-07-13,2818585093
"Lycorma delicatula (White, 1845)",40.257212,-76.540153,gbif,2020-07-11,2818735799
"Lycorma delicatula (White, 1845)",39.983735,-76.357759,gbif,2020-07-12,2818778935
"Lycorma delicatula (White, 1845)",40.063329,116.396124,gbif,2020-07-15,2818812403
"Lycorma delicatula (White, 1845)",40.85593,-75.466941,gbif,2020-07-19,2823091067
"Lycorma delicatula (White, 1845)",35.470826,128.2132,gbif,2020-07-18,2823101137
"Lycorma delicatula (White, 1845)",35.800537,128.520072,gbif,2020-07-18,2823113771
"Lycorma delicatula (White, 1845)",35.885065,128.53686,gbif,2020-07-16,2823121113
"Lycorma delicatula (White, 1845)",31.239151,121.568466,gbif,2020-07-19,2823198925
"Lycorma delicatula (White, 1845)",31.995064,118.994494,gbif,2020-07-20,2823214310
"Lycorma delicatula (White, 1845)",31.320992,121.380538,gbif,2020-07-03,2823348480
"Lycorma delicatula (White, 1845)",39.773825,-75.139499,gbif,2020-07-23,2823427651
"Lycorma delicatula (White, 1845)",37.017331,127.201542,gbif,2020-07-25,2826209892
"Lycorma delicatula (White, 1845)",40.447441,-75.868523,gbif,2020-07-25,2826275998
"Lycorma delicatula (White, 1845)",40.26486,-74.64266,gbif,2020-07-25,2826373978
"Lycorma delicatula (White, 1845)",40.071674,-76.478222,gbif,2020-07-23,2826376766
"Lycorma delicatula (White, 1845)",36.801029,127.228353,gbif,2020-07-26,2826380083
"Lycorma delicatula (White, 1845)",35.840506,127.06715,gbif,2020-07-26,2826381069
"Lycorma delicatula (White, 1845)",31.09907,121.551211,gbif,2020-07-25,2826405921
"Lycorma delicatula (White, 1845)",40.714064,-74.089716,gbif,2020-07-29,2826430697
"Lycorma delicatula (White, 1845)",37.329809,127.255351,gbif,2020-07-28,2826437440
"Lycorma delicatula (White, 1845)",39.728384,115.953591,gbif,2020-07-29,2826463495
"Lycorma delicatula (White, 1845)",39.773874,-74.894592,gbif,2020-07-31,2851319540
"Lycorma delicatula (White, 1845)",40.094081,-75.028008,gbif,2020-08-05,2850630410
"Lycorma delicatula (White, 1845)",40.534325,-75.416114,gbif,2020-08-06,2850677868
"Lycorma delicatula (White, 1845)",39.665042,-75.95518,gbif,2020-08-05,2850684431
"Lycorma delicatula (White, 1845)",40.617923,-75.102145,gbif,2020-08-13,2850738570
"Lycorma delicatula (White, 1845)",40.381779,-75.391273,gbif,2020-08-12,2850741415
"Lycorma delicatula (White, 1845)",40.389836,-74.433826,gbif,2020-08-16,2850769068
"Lycorma delicatula (White, 1845)",39.55838,-75.892766,gbif,2020-08-04,2850791307
"Lycorma delicatula (White, 1845)",39.718544,-76.061814,gbif,2020-08-13,2850840630
"Lycorma delicatula (White, 1845)",39.603547,-75.780928,gbif,2020-08-09,2850872996
"Lycorma delicatula (White, 1845)",40.041311,-75.882667,gbif,2020-08-14,2850912817
"Lycorma delicatula (White, 1845)",40.333443,-74.794723,gbif,2020-08-19,2850921521
"Lycorma delicatula (White, 1845)",39.853945,-75.473401,gbif,2020-08-03,2850934991
"Lycorma delicatula (White, 1845)",40.722951,-75.661875,gbif,2020-08-04,2851030404
"Lycorma delicatula (White, 1845)",37.752473,128.876057,gbif,2020-08-16,2851031940
"Lycorma delicatula (White, 1845)",40.078556,-76.275566,gbif,2020-08-06,2851047522
"Lycorma delicatula (White, 1845)",40.167861,-74.947002,gbif,2020-08-04,2851077734
"Lycorma delicatula (White, 1845)",37.376329,128.410662,gbif,2020-08-17,2851097106
"Lycorma delicatula (White, 1845)",40.648857,-74.298645,gbif,2020-08-17,2851100160
"Lycorma delicatula (White, 1845)",40.022761,-76.193572,gbif,2020-08-14,2851126225
"Lycorma delicatula (White, 1845)",40.384747,-74.886528,gbif,2020-08-12,2851262413
"Lycorma delicatula (White, 1845)",40.3,-76.8,gbif,2020-08-01,2855707706
"Lycorma delicatula (White, 1845)",40.471726,-74.522877,gbif,2020-08-23,2856477959
"Lycorma delicatula (White, 1845)",40.795238,-75.975983,gbif,2020-08-25,2856504290
"Lycorma delicatula (White, 1845)",40.437403,-75.099809,gbif,2020-08-22,2856555833
"Lycorma delicatula (White, 1845)",40.854757,-74.826012,gbif,2020-08-22,2856633835
"Lycorma delicatula (White, 1845)",40.590363,-76.170657,gbif,2020-08-22,2856653930
"Lycorma delicatula (White, 1845)",40.979086,-75.182538,gbif,2020-08-27,2856713516
"Lycorma delicatula (White, 1845)",39.570123,-75.594074,gbif,2020-08-22,2856765777
"Lycorma delicatula (White, 1845)",39.82043,-75.898974,gbif,2020-08-26,2856833501
"Lycorma delicatula (White, 1845)",40.717537,-74.571395,gbif,2020-08-30,2859893983
"Lycorma delicatula (White, 1845)",40.624558,-74.619295,gbif,2020-08-28,2859912650
"Lycorma delicatula (White, 1845)",40.436157,-74.802769,gbif,2020-08-29,2859924728
"Lycorma delicatula (White, 1845)",40.557062,-74.904045,gbif,2020-08-30,2859944974
"Lycorma delicatula (White, 1845)",41.054519,-74.932613,gbif,2020-08-25,2860061845
"Lycorma delicatula (White, 1845)",40.699253,-74.85698,gbif,2020-08-29,2860090856
"Lycorma delicatula (White, 1845)",41.042595,-75.349078,gbif,2020-08-22,2860100803
"Lycorma delicatula (White, 1845)",40.654723,-73.637752,gbif,2020-08-31,2860105136
"Lycorma delicatula (White, 1845)",40.645576,-75.979963,gbif,2020-08-30,2860161286
"Lycorma delicatula (White, 1845)",41.027364,-74.802238,gbif,2020-08-22,2862287506
"Lycorma delicatula (White, 1845)",29.377325,119.002806,gbif,2020-08-13,2868247486
"Lycorma delicatula (White, 1845)",40.839305,-75.690285,gbif,2020-09-03,2860027370
"Lycorma delicatula (White, 1845)",40.801657,-73.064307,gbif,2020-09-03,2860048460
"Lycorma delicatula (White, 1845)",40.351136,-76.465511,gbif,2020-09-02,2860068323
"Lycorma delicatula (White, 1845)",40.144046,-75.712983,gbif,2020-09-01,2860117451
"Lycorma delicatula (White, 1845)",40.326774,-74.555284,gbif,2020-09-03,2860191386
"Lycorma delicatula (White, 1845)",40.475239,-76.293473,gbif,2020-09-08,2862305239
"Lycorma delicatula (White, 1845)",40.883392,-74.028861,gbif,2020-09-04,2862311692
"Lycorma delicatula (White, 1845)",40.293167,-75.038864,gbif,2020-09-07,2862325089
"Lycorma delicatula (White, 1845)",40.902637,-74.982553,gbif,2020-09-06,2862344863
"Lycorma delicatula (White, 1845)",40.058324,-74.405661,gbif,2020-09-03,2862363136
"Lycorma delicatula (White, 1845)",40.249935,-75.924384,gbif,2020-09-07,2862445129
"Lycorma delicatula (White, 1845)",39.09227,-74.726403,gbif,2020-09-10,2862450428
"Lycorma delicatula (White, 1845)",40.911097,-76.095628,gbif,2020-09-08,2862463270
"Lycorma delicatula (White, 1845)",40.746155,-73.943621,gbif,2020-09-05,2862487761
"Lycorma delicatula (White, 1845)",39.462964,-74.443144,gbif,2020-09-06,2862493840
"Lycorma delicatula (White, 1845)",39.841563,-76.316855,gbif,2020-09-04,2862526697
"Lycorma delicatula (White, 1845)",39.76191,-75.742961,gbif,2020-09-08,2862573158
"Lycorma delicatula (White, 1845)",40.66487,-73.963028,gbif,2020-09-04,2862577611
"Lycorma delicatula (White, 1845)",39.709964,-76.347294,gbif,2020-09-09,2862651345
"Lycorma delicatula (White, 1845)",40.702959,-74.699756,gbif,2020-09-08,2864572609
"Lycorma delicatula (White, 1845)",40.146617,-76.379892,gbif,2020-09-11,2864651278
"Lycorma delicatula (White, 1845)",39.544249,-76.057113,gbif,2020-09-11,2864662582
"Lycorma delicatula (White, 1845)",40.440523,-80.004054,gbif,2020-09-12,2864664726
"Lycorma delicatula (White, 1845)",40.213561,-75.331043,gbif,2020-09-11,2864675712
"Lycorma delicatula (White, 1845)",40.608752,-75.607414,gbif,2020-09-17,2864703151
"Lycorma delicatula (White, 1845)",40.637253,-74.492975,gbif,2020-09-09,2864736932
"Lycorma delicatula (White, 1845)",40.35375,-76.176901,gbif,2020-09-13,2864755240
"Lycorma delicatula (White, 1845)",40.102065,-74.6839,gbif,2020-09-12,2864766003
"Lycorma delicatula (White, 1845)",39.948578,-74.792967,gbif,2020-09-12,2864767739
"Lycorma delicatula (White, 1845)",39.906875,-75.591263,gbif,2020-09-12,2864815286
"Lycorma delicatula (White, 1845)",40.772958,-74.900112,gbif,2020-09-14,2864816018
"Lycorma delicatula (White, 1845)",40.021228,116.247537,gbif,2020-09-12,2864830630
"Lycorma delicatula (White, 1845)",37.45093,122.154455,gbif,2020-09-15,2864837708
"Lycorma delicatula (White, 1845)",41.130233,-75.73613,gbif,2020-09-17,2864872172
"Lycorma delicatula (White, 1845)",39.605441,-76.152323,gbif,2020-09-14,2864887504
"Lycorma delicatula (White, 1845)",40.984501,-75.457099,gbif,2020-09-19,2868082961
"Lycorma delicatula (White, 1845)",39.682633,-75.733987,gbif,2020-09-20,2868086645
"Lycorma delicatula (White, 1845)",37.513904,121.403759,gbif,2020-09-18,2868109714
"Lycorma delicatula (White, 1845)",40.152653,-76.590172,gbif,2020-09-22,2868236365
"Lycorma delicatula (White, 1845)",38.933395,117.347882,gbif,2020-09-22,2868293686
"Lycorma delicatula (White, 1845)",40.846566,-74.212887,gbif,2020-09-18,2868353754
"Lycorma delicatula (White, 1845)",40.713513,-74.350188,gbif,2020-09-21,2868355128
"Lycorma delicatula (White, 1845)",41.092586,-75.592689,gbif,2020-09-23,2868363430
"Lycorma delicatula (White, 1845)",40.286832,-75.278464,gbif,2020-09-21,2868376326
"Lycorma delicatula (White, 1845)",40.90811,-74.558059,gbif,2020-09-27,2873723289
"Lycorma delicatula (White, 1845)",40.632902,-74.080285,gbif,2020-09-25,2873730699
"Lycorma delicatula (White, 1845)",39.892054,-74.908289,gbif,2020-09-25,2873747671
"Lycorma delicatula (White, 1845)",39.948543,-75.827045,gbif,2020-09-22,2873751286
"Lycorma delicatula (White, 1845)",40.505339,-75.602026,gbif,2020-09-23,2873774575
"Lycorma delicatula (White, 1845)",41.108108,-75.454899,gbif,2020-09-22,2873774636
"Lycorma delicatula (White, 1845)",40.865286,-74.417388,gbif,2020-09-25,2873796681
"Lycorma delicatula (White, 1845)",37.258991,128.483567,gbif,2020-09-26,2873801839
"Lycorma delicatula (White, 1845)",40.429946,-76.594653,gbif,2020-09-12,2873805477
"Lycorma delicatula (White, 1845)",36.654063,128.446871,gbif,2020-09-30,2873821097
"Lycorma delicatula (White, 1845)",40.572222,-74.419167,gbif,2020-09-26,2873831091
"Lycorma delicatula (White, 1845)",40.041615,-74.811353,gbif,2020-09-25,2873871711
"Lycorma delicatula (White, 1845)",40.618102,-74.847397,gbif,2020-09-26,2873876974
"Lycorma delicatula (White, 1845)",40.697973,-75.47091,gbif,2020-09-25,2873878767
"Lycorma delicatula (White, 1845)",40.201416,-76.739888,gbif,2020-09-25,2873912866
"Lycorma delicatula (White, 1845)",39.857887,116.679358,gbif,2020-09-07,2873954012
"Lycorma delicatula (White, 1845)",40.258458,-76.889228,gbif,2020-09-25,2873960094
"Lycorma delicatula (White, 1845)",39.672806,-74.999777,gbif,2020-09-25,2873978639
"Lycorma delicatula (White, 1845)",40.133759,-75.959718,gbif,2020-10-01,2874044821
"Lycorma delicatula (White, 1845)",31.4849,120.255828,gbif,2020-10-08,2882946867
"Lycorma delicatula (White, 1845)",40.542494,-74.714989,gbif,2020-10-02,2882951737
"Lycorma delicatula (White, 1845)",40.955013,-74.795883,gbif,2020-10-02,2882951828
"Lycorma delicatula (White, 1845)",39.70329,-75.187663,gbif,2020-10-07,2882989257
"Lycorma delicatula (White, 1845)",40.352801,-76.668886,gbif,2020-10-04,2883011960
"Lycorma delicatula (White, 1845)",39.874989,-74.433357,gbif,2020-10-05,2883062416
"Lycorma delicatula (White, 1845)",40.846689,-74.642293,gbif,2020-10-03,2883083559
"Lycorma delicatula (White, 1845)",40.805308,-74.736145,gbif,2020-10-01,2883089612
"Lycorma delicatula (White, 1845)",30.766452,120.683107,gbif,2020-10-02,2883089613
"Lycorma delicatula (White, 1845)",40.551824,-74.221713,gbif,2020-10-02,2883133760
"Lycorma delicatula (White, 1845)",40.204025,-74.552224,gbif,2020-10-08,2883200564
"Lycorma delicatula (White, 1845)",39.954822,-76.460922,gbif,2020-10-05,2883213461
"Lycorma delicatula (White, 1845)",40.744355,-74.249603,gbif,2020-10-08,2883222912
"Lycorma delicatula (White, 1845)",40.47843,-74.283814,gbif,2020-10-08,2883230861
"Lycorma delicatula (White, 1845)",36.801637,127.110367,gbif,2019-05-03,2543029370
"Lycorma delicatula (White, 1845)",37.62032,127.767613,gbif,2019-06-01,2252014862
"Lycorma delicatula (White, 1845)",35.832035,128.590314,gbif,2019-06-05,2252058132
"Lycorma delicatula (White, 1845)",40.555676,-75.988247,gbif,2019-06-12,2265892038
"Lycorma delicatula (White, 1845)",40.127724,-76.16452,gbif,2019-06-16,2269269943
"Lycorma delicatula (White, 1845)",40.601668,-75.299325,gbif,2019-06-17,2269290819
"Lycorma delicatula (White, 1845)",36.723872,126.883327,gbif,2019-06-23,2273254080
"Lycorma delicatula (White, 1845)",37.475378,126.925017,gbif,2019-06-25,2294430769
"Lycorma delicatula (White, 1845)",31.158051,121.282295,gbif,2019-06-22,2459999229
"Lycorma delicatula (White, 1845)",32.101592,118.813562,gbif,2019-06-12,2626150464
"Lycorma delicatula (White, 1845)",39.113567,117.161278,gbif,2019-07-02,2283118782
"Lycorma delicatula (White, 1845)",36.790635,126.590053,gbif,2019-07-04,2283152996
"Lycorma delicatula (White, 1845)",36.861905,128.102217,gbif,2019-07-07,2283203394
"Lycorma delicatula (White, 1845)",37.518895,126.920626,gbif,2019-07-14,2294484764
"Lycorma delicatula (White, 1845)",37.430598,127.095086,gbif,2019-07-16,2294524143
"Lycorma delicatula (White, 1845)",40.126664,-75.442878,gbif,2019-07-12,2294525963
"Lycorma delicatula (White, 1845)",37.625784,115.637792,gbif,2019-07-17,2294541749
"Lycorma delicatula (White, 1845)",39.923994,116.512451,gbif,2019-07-17,2294541864
"Lycorma delicatula (White, 1845)",36.436867,126.529037,gbif,2019-07-18,2294553408
"Lycorma delicatula (White, 1845)",35.15212,126.849137,gbif,2019-07-25,2294675855
"Lycorma delicatula (White, 1845)",40.416204,-74.682256,gbif,2019-07-24,2311338060
"Lycorma delicatula (White, 1845)",39.61922,115.58808,gbif,2019-07-17,2311409671
"Lycorma delicatula (White, 1845)",35.321583,128.195367,gbif,2019-07-30,2311410539
"Lycorma delicatula (White, 1845)",25.874191,108.975599,gbif,2019-07-05,2397484717
"Lycorma delicatula (White, 1845)",36.2599,127.965123,gbif,2019-08-04,2331895136
"Lycorma delicatula (White, 1845)",40.061107,-75.257744,gbif,2019-08-05,2331919756
"Lycorma delicatula (White, 1845)",40.007428,116.483517,gbif,2019-08-06,2331928840
"Lycorma delicatula (White, 1845)",40.037269,-75.691371,gbif,2019-08-06,2331932630
"Lycorma delicatula (White, 1845)",38.03722,114.415909,gbif,2019-08-06,2331933086
"Lycorma delicatula (White, 1845)",36.72671,126.600622,gbif,2019-08-07,2331947484
"Lycorma delicatula (White, 1845)",40.555893,-75.204041,gbif,2019-08-08,2331968758
"Lycorma delicatula (White, 1845)",39.788472,-76.230326,gbif,2019-08-08,2331969332
"Lycorma delicatula (White, 1845)",36.974903,127.02826,gbif,2019-08-11,2350363180
"Lycorma delicatula (White, 1845)",40.140922,-75.285626,gbif,2019-08-12,2350395387
"Lycorma delicatula (White, 1845)",40.753891,-75.192749,gbif,2019-08-09,2366075612
"Lycorma delicatula (White, 1845)",36.652863,117.013405,gbif,2019-08-21,2366129347
"Lycorma delicatula (White, 1845)",40.710477,-75.046172,gbif,2019-08-21,2366143637
"Lycorma delicatula (White, 1845)",39.989075,116.1884,gbif,2019-08-28,2397617610
"Lycorma delicatula (White, 1845)",39.192006,-78.133,gbif,2019-08-20,2423214364
"Lycorma delicatula (White, 1845)",39.992358,-75.999078,gbif,2019-09-01,2397658846
"Lycorma delicatula (White, 1845)",40.683543,117.222564,gbif,2019-09-01,2397674288
"Lycorma delicatula (White, 1845)",40.797063,-75.072509,gbif,2019-09-04,2422905262
"Lycorma delicatula (White, 1845)",40.385015,-76.363307,gbif,2019-09-07,2422952691
"Lycorma delicatula (White, 1845)",36.555153,126.888615,gbif,2019-09-08,2422964797
"Lycorma delicatula (White, 1845)",40.459505,-75.3689,gbif,2019-09-08,2422972550
"Lycorma delicatula (White, 1845)",40.66172,-75.24012,gbif,2019-09-03,2423016620
"Lycorma delicatula (White, 1845)",40.350858,-74.68054,gbif,2019-09-12,2423036809
"Lycorma delicatula (White, 1845)",36.237426,103.797259,gbif,2019-09-03,2423062684
"Lycorma delicatula (White, 1845)",40.210625,-76.223755,gbif,2019-09-17,2423116455
"Lycorma delicatula (White, 1845)",31.141881,121.432725,gbif,2019-09-18,2423128417
"Lycorma delicatula (White, 1845)",30.803667,111.055473,gbif,2019-09-19,2423151658
"Lycorma delicatula (White, 1845)",37.404973,127.261088,gbif,2019-09-20,2423156824
"Lycorma delicatula (White, 1845)",39.928572,-76.241455,gbif,2019-09-20,2423165005
"Lycorma delicatula (White, 1845)",40.203404,-74.808688,gbif,2019-09-25,2423238815
"Lycorma delicatula (White, 1845)",34.502983,112.929808,gbif,2019-09-24,2423245528
"Lycorma delicatula (White, 1845)",40.932899,-75.669151,gbif,2019-09-29,2429302108
"Lycorma delicatula (White, 1845)",40.241848,-75.632531,gbif,2019-09-19,2429413518
"Lycorma delicatula (White, 1845)",40.774442,-74.43273,gbif,2019-09-29,2429537884
"Lycorma delicatula (White, 1845)",40.241222,-75.122969,gbif,2019-09-16,2576438136
"Lycorma delicatula (White, 1845)",40.505905,-75.044563,gbif,2019-10-01,2429337122
"Lycorma delicatula (White, 1845)",31.133018,121.595394,gbif,2019-10-02,2429343540
"Lycorma delicatula (White, 1845)",31.618109,119.025688,gbif,2019-10-04,2429368084
"Lycorma delicatula (White, 1845)",40.701817,-73.796538,gbif,2019-10-05,2429383745
"Lycorma delicatula (White, 1845)",36.40039,126.891198,gbif,2019-10-05,2429384920
"Lycorma delicatula (White, 1845)",39.93234,-75.065358,gbif,2019-10-06,2429405122
"Lycorma delicatula (White, 1845)",39.966817,-74.92788,gbif,2019-10-10,2429532844
"Lycorma delicatula (White, 1845)",40.207241,-76.344372,gbif,2019-10-12,2429557491
"Lycorma delicatula (White, 1845)",40.811176,-75.322215,gbif,2019-10-14,2429593095
"Lycorma delicatula (White, 1845)",40.261722,-76.160325,gbif,2019-10-22,2444959928
"Lycorma delicatula (White, 1845)",29.98142,111.466963,gbif,2019-10-19,2444966811
"Lycorma delicatula (White, 1845)",39.772951,-75.292415,gbif,2019-10-19,2444973776
"Lycorma delicatula (White, 1845)",40.008234,-75.557457,gbif,2019-10-19,2445066633
"Lycorma delicatula (White, 1845)",39.895267,-75.736747,gbif,2019-10-21,2445071678
"Lycorma delicatula (White, 1845)",32.910011,117.42704,gbif,2019-10-23,2445162478
"Lycorma delicatula (White, 1845)",37.514905,127.057872,gbif,2019-11-04,2451715826
"Lycorma delicatula (White, 1845)",40.201752,-75.452213,gbif,2019-11-09,2456541245
"Lycorma delicatula (White, 1845)",40.521871,-76.479064,gbif,2019-12-26,2540883105
"Lycorma delicatula (White, 1845)",39.204556,-78.262581,gbif,2018-01-10,2236580996
"Lycorma delicatula (White, 1845)",35.915346,128.630869,gbif,2018-06-29,1880596697
"Lycorma delicatula (White, 1845)",36.045769,117.988567,gbif,2018-06-20,2397678762
"Lycorma delicatula (White, 1845)",36.49876,127.166331,gbif,2018-07-07,1880655436
"Lycorma delicatula (White, 1845)",35.160592,128.095815,gbif,2018-07-07,1880656609
"Lycorma delicatula (White, 1845)",36.613267,127.465814,gbif,2018-07-10,1883491308
"Lycorma delicatula (White, 1845)",40.510885,-76.099695,gbif,2018-07-28,1890052004
"Lycorma delicatula (White, 1845)",36.809662,126.380318,gbif,2018-07-31,1890073761
"Lycorma delicatula (White, 1845)",31.274603,121.73337,gbif,2018-07-08,2818710374
"Lycorma delicatula (White, 1845)",36.754675,128.07747,gbif,2018-08-02,1890678602
"Lycorma delicatula (White, 1845)",36.385453,127.26773,gbif,2018-08-07,1890712061
"Lycorma delicatula (White, 1845)",40.530135,-75.859165,gbif,2018-08-11,1891324308
"Lycorma delicatula (White, 1845)",36.4191,127.391959,gbif,2018-08-31,1899810953
"Lycorma delicatula (White, 1845)",38.124616,128.628045,gbif,2018-08-14,1932322944
"Lycorma delicatula (White, 1845)",32.056461,118.885925,gbif,2018-08-19,1946198455
"Lycorma delicatula (White, 1845)",39.70765,119.166625,gbif,2018-08-13,1986504043
"Lycorma delicatula (White, 1845)",40.43257,116.569833,gbif,2018-08-27,2873962355
"Lycorma delicatula (White, 1845)",35.831422,129.289245,gbif,2018-09-11,1913184597
"Lycorma delicatula (White, 1845)",36.113144,120.509529,gbif,2018-09-23,1914216201
"Lycorma delicatula (White, 1845)",39.862152,116.305415,gbif,2018-09-23,1914224877
"Lycorma delicatula (White, 1845)",37.221878,110.359567,gbif,2018-09-26,1914237180
"Lycorma delicatula (White, 1845)",40.111989,-75.591055,gbif,2018-09-26,1914240661
"Lycorma delicatula (White, 1845)",41.229141,-75.457726,gbif,2018-09-15,1914249217
"Lycorma delicatula (White, 1845)",40.580514,-75.728938,gbif,2018-09-29,1914335111
"Lycorma delicatula (White, 1845)",40.39101,-75.920596,gbif,2018-09-30,1914335255
"Lycorma delicatula (White, 1845)",40.19829,-75.79314,gbif,2018-09-30,1914338887
"Lycorma delicatula (White, 1845)",40.313874,-76.016494,gbif,2018-10-08,1920823685
"Lycorma delicatula (White, 1845)",40.416744,-76.102091,gbif,2018-10-09,1920828654
"Lycorma delicatula (White, 1845)",40.526818,-76.224513,gbif,2018-10-16,1931516747
"Lycorma delicatula (White, 1845)",40.368532,-75.242741,gbif,2018-10-20,1932326057
"Lycorma delicatula (White, 1845)",40.457325,-75.728172,gbif,2018-10-21,1932336027
"Lycorma delicatula (White, 1845)",40.689577,-75.855922,gbif,2018-10-25,1932352841
"Lycorma delicatula (White, 1845)",36.480908,126.640497,gbif,2018-10-28,1933562594
"Lycorma delicatula (White, 1845)",40.305028,-75.405328,gbif,2018-10-04,2238947754
"Lycorma delicatula (White, 1845)",36.464655,117.264258,gbif,2018-10-03,2269205729
"Lycorma delicatula (White, 1845)",39.824081,-75.674347,gbif,2018-11-01,1933599823
"Lycorma delicatula (White, 1845)",36.525743,127.244639,gbif,2017-07-22,1586112176
"Lycorma delicatula (White, 1845)",36.020316,126.984075,gbif,2017-07-03,1848783942
"Lycorma delicatula (White, 1845)",37.80788,127.059318,gbif,2017-07-01,1993779964
"Lycorma delicatula (White, 1845)",34.763068,113.670248,gbif,2017-07-18,2826278173
"Lycorma delicatula (White, 1845)",34.306893,111.25354,gbif,2017-07-07,2826512791
"Lycorma delicatula (White, 1845)",40.43653,-75.585787,gbif,2017-08-02,1586931802
"Lycorma delicatula (White, 1845)",40.334152,-75.63772,gbif,2017-09-08,1640120321
"Lycorma delicatula (White, 1845)",36.700764,126.426956,gbif,2017-09-16,1880480614
"Lycorma delicatula (White, 1845)",37.175683,128.443179,gbif,2016-07-21,1291137584
"Lycorma delicatula (White, 1845)",33.874956,109.024785,gbif,2016-07-06,1640031265
"Lycorma delicatula (White, 1845)",34.389013,109.269573,gbif,2016-07-07,1890095977
"Lycorma delicatula (White, 1845)",35.827,128.763,gbif,2016-07-17,1945465879
"Lycorma delicatula (White, 1845)",36.742321,126.443461,gbif,2016-08-05,1291667075
"Lycorma delicatula (White, 1845)",36.615584,127.354295,gbif,2016-08-17,1305141376
"Lycorma delicatula (White, 1845)",37.567501,126.893059,gbif,2016-09-17,1323000801
"Lycorma delicatula (White, 1845)",35.84666,127.177141,gbif,2015-08-08,1901064654
"Lycorma delicatula (White, 1845)",39.955239,116.394605,gbif,2014-07-21,2633951807
"Lycorma delicatula (White, 1845)",37.491757,127.98493,gbif,2014-08-09,1944389119
"Lycorma delicatula (White, 1845)",34.204237,108.980748,gbif,2014-08-09,2597854969
"Lycorma delicatula (White, 1845)",29.350942,110.408888,gbif,2014-09-28,1802670805
"Lycorma delicatula (White, 1845)",37.459917,128.143182,gbif,2014-10-24,1944389118
"Lycorma delicatula (White, 1845)",40.260142,116.22653,gbif,2013-10-05,2460163582
"Lycorma delicatula (White, 1845)",31.024584,121.423325,gbif,2012-08-10,2864591878
"Lycorma delicatula (White, 1845)",29.019444,107.174444,gbif,2011-07-31,2563572826
"Lycorma delicatula (White, 1845)",39.19,120.23,gbif,2011-08-15,2308410787
"Lycorma delicatula (White, 1845)",36.22,127.22,gbif,2010-06-17,2307489383
"Lycorma delicatula (White, 1845)",37.33,126.56,gbif,2010-06-28,2307540086
"Lycorma delicatula (White, 1845)",37.47,126.16,gbif,2010-07-03,2309095833
"Lycorma delicatula (White, 1845)",36.32,128.47,gbif,2010-07-31,2310166870
"Lycorma delicatula (White, 1845)",37.45,127.9,gbif,2010-07-24,2310520777
"Lycorma delicatula (White, 1845)",39.07,117.12,gbif,2010-07-05,2310857070
"Lycorma delicatula (White, 1845)",30.107529,122.028808,gbif,2010-07-08,2366020650
"Lycorma delicatula (White, 1845)",36.201326,127.34188,gbif,2010-08-21,1227723599
"Lycorma delicatula (White, 1845)",32.072551,114.214928,gbif,2010-08-04,1990527507
"Lycorma delicatula (White, 1845)",37.39,127.5,gbif,2010-08-05,2307352129
"Lycorma delicatula (White, 1845)",35.4,126.44,gbif,2010-08-20,2309432804
"Lycorma delicatula (White, 1845)",36.44,127.15,gbif,2010-08-19,2310349985
"Lycorma delicatula (White, 1845)",37.16,126.59,gbif,2010-08-17,2310683253
"Lycorma delicatula (White, 1845)",36.39,128.31,gbif,2010-08-06,2310785546
"Lycorma delicatula (White, 1845)",30.14,119.43,gbif,2010-09-07,2307619003
"Lycorma delicatula (White, 1845)",31.37,121.23,gbif,2010-09-04,2307815382
"Lycorma delicatula (White, 1845)",36.13,127,gbif,2010-09-29,2308241831
"Lycorma delicatula (White, 1845)",29.47,121.47,gbif,2010-09-05,2308947311
"Lycorma delicatula (White, 1845)",36.35,136.37,gbif,2010-09-15,2309271965
"Lycorma delicatula (White, 1845)",35.25,126.43,gbif,2010-09-14,2309790847
"Lycorma delicatula (White, 1845)",37.35,127.03,gbif,2010-09-16,2310576838
"Lycorma delicatula (White, 1845)",29.03,121.02,gbif,2010-09-06,2310872606
"Lycorma delicatula (White, 1845)",36.26,126.46,gbif,2010-09-14,2310917217
"Lycorma delicatula (White, 1845)",39.54,116.24,gbif,2009-07-22,2308299929
"Lycorma delicatula (White, 1845)",37.738098,127.033682,gbif,2009-08-09,1993774374
"Lycorma delicatula (White, 1845)",36.599261,117.527585,gbif,2008-07-13,2862513092
"Lycorma delicatula (White, 1845)",34.559499,112.467878,gbif,2007-07-25,2826480879
"Lycorma delicatula (White, 1845)",27.666667,117.666667,gbif,1938-09-15,910530386
